{
    "pools": [
        {
            "name":"demonstars",
            "rolls": 1,
            "conditions": [
                {
                    "condition": "random_chance",
                    "chance": 0.2
                }
            ],
            "entries": [
                {
                    "type": "item",
                    "weight": 1,
                    "name": "planetcore:demon_star",
                    "conditions": [
                        {
                            "condition": "killed_by_player"
                        }
                    ]
                }
            ]
        },
        {
            "name":"corestars",
            "rolls": 1,
            "conditions": [
                {
                    "condition": "random_chance",
                    "chance": 0.02
                }
            ],
            "entries": [
                {
                    "type": "item",
                    "weight": 1,
                    "name": "planetcore:core_star",
                    "conditions": [
                        {
                            "condition": "killed_by_player"
                        }
                    ]
                }
            ]
        }
    ]
}