{
    "pools": [
        {
            "name": "death_enderman",
            "rolls": 1,
            "entries": [
                {
                    "type": "item",
                    "weight": 1,
                    "name": "telepads:ender_bead",
                    "conditions": [
                        {
                            "condition": "killed_by_player"
                        },
                        {
                            "condition": "random_chance",
                            "chance": 0.2
                        }
                    ],
                    "functions": [
                        {
                            "function": "set_count",
                            "count": {
                                "min": 1,
                                "max": 6
                            }
                        }
                    ]
                },
                {
                    "type": "item",
                    "weight": 1,
                    "name": "minecraft:ender_pearl",
                    "conditions": [
                        {
                            "condition": "killed_by_player"
                        }
                    ]
                },
                {
                    "type": "item",
                    "weight": 1,
                    "name": "telepads:ender_bead_necklace",
                    "conditions": [
                        {
                            "condition": "random_chance",
                            "chance": 0.2
                        }
                    ]
                },
                {
                    "type": "item",
                    "weight": 1,
                    "name": "planetcore:sapphire",
                    "conditions": [
                        {
                            "condition": "killed_by_player"
                        },
                        {
                            "condition": "random_chance",
                            "chance": 0.3
                        }
                    ]
                },
                {
                    "type": "item",
                    "weight": 1,
                    "name": "planetcore:ruby",
                    "conditions": [
                        {
                            "condition": "killed_by_player"
                        },
                        {
                            "condition": "random_chance",
                            "chance": 0.1
                        }
                    ]
                },
                {
                    "type": "item",
                    "weight": 1,
                    "name": "planetcore:diamond",
                    "conditions": [
                        {
                            "condition": "killed_by_player"
                        },
                        {
                            "condition": "random_chance",
                            "chance": 0.02
                        }
                    ]
                }
            ]
        }
    ]
}