{
    "pools": [
        {
            "name":"demonstars",
            "rolls": 1,
            "conditions": [
                {
                    "condition": "random_chance_with_looting",
                    "chance": 0.1,
                    "looting_multiplier": 0.01
                }
            ],
            "entries": [
                {
                    "type": "item",
                    "weight": 1,
                    "name": "planetcore:demon_star",
                    "conditions": [
                        {
                            "condition": "killed_by_player"
                        }
                    ]
                }
            ]
        }
    ]
}