{

  "credit": "Made with Blockbench",

  "parent": "block/block",

  "textures": {

    "0": "placeholder",

    "particle": "placeholder"

  },

  "elements": [

    {

      "name": "Anvil base",

      "from": [2, 0, 2],

      "to": [14, 4, 14],

      "faces": {

        "north": {"uv": [8, 1.5, 9.5, 2], "texture": "#0"},

        "east": {"uv": [6.5, 1.5, 8, 2], "texture": "#0"},

        "south": {"uv": [11, 1.5, 12.5, 2], "texture": "#0"},

        "west": {"uv": [9.5, 1.5, 11, 2], "texture": "#0"},

        "up": {"uv": [9.5, 1.5, 8, 0], "texture": "#0"},

        "down": {"uv": [11, 0, 9.5, 1.5], "texture": "#0", "cullface": "down"}

      }

    },

    {

      "name": "Lower narrow portion",

      "from": [4, 4, 3],

      "to": [12, 5, 13],

      "faces": {

        "north": {"uv": [1.25, 4, 2.25, 4.125], "texture": "#0"},

        "east": {"uv": [0, 4, 1.25, 4.125], "texture": "#0"},

        "south": {"uv": [3.5, 4, 4.5, 4.125], "texture": "#0"},

        "west": {"uv": [2.25, 4, 3.5, 4.125], "texture": "#0"},

        "up": {"uv": [2.25, 4, 1.25, 2.75], "texture": "#0"},

        "down": {"uv": [3.25, 2.75, 2.25, 4], "texture": "#0"}

      }

    },

    {

      "name": "Wider section beneath top portion",

      "from": [6, 5, 4],

      "to": [10, 10, 12],

      "faces": {

        "north": {"uv": [5.5, 3.75, 6, 4.375], "texture": "#0"},

        "east": {"uv": [4.5, 3.75, 5.5, 4.375], "texture": "#0"},

        "south": {"uv": [7, 3.75, 7.5, 4.375], "texture": "#0"},

        "west": {"uv": [6, 3.75, 7, 4.375], "texture": "#0"},

        "up": {"uv": [6, 3.75, 5.5, 2.75], "texture": "#0"},

        "down": {"uv": [6.5, 2.75, 6, 3.75], "texture": "#0"}

      }

    },

    {

      "name": "Anvil top",

      "from": [3, 10, 0],

      "to": [13, 16, 16],

      "faces": {

        "north": {"uv": [2, 2, 3.25, 2.75], "texture": "#0"},

        "east": {"uv": [0, 2, 2, 2.75], "texture": "#0"},

        "south": {"uv": [5.25, 2, 6.5, 2.75], "texture": "#0"},

        "west": {"uv": [3.25, 2, 5.25, 2.75], "texture": "#0"},

        "up": {"uv": [3.25, 2, 2, 0], "texture": "#0"},

        "down": {"uv": [4.5, 0, 3.25, 2], "texture": "#0"}

      }

    }

  ],

  "display": {

    "fixed": {

      "rotation": [0, 90, 0],

      "scale": [0.5, 0.5, 0.5]

    }

  }

}